Date;Date de valeur;Débit;Crédit;Libellé;Solde
03/11/2025;03/11/2025;-26,99;;PRLV SEPA ACME TELECOM VOTRE ABONNEMENT MOBILE: 06XXXX;8350,59
03/11/2025;03/11/2025;-0,99;;PAIEMENT CB 0111 CORK ALPHA CLOUD PAYWEB8101 GIR0126000111;8349,60
04/11/2025;04/11/2025;-12,41;;PRLV SEPA BETA EAU CLIENTS PARTICULI DUPONT JEAN;8337,19
05/11/2025;05/11/2025;-51,30;;PRLV SEPA DELTA NETTOYAGE GR PRELEV DELTA 000000003;8285,89
05/11/2025;05/11/2025;-500,00;;VIR INST WERO MLE JEANNE MARTIN AIDE 0000000000000000002;7785,89
05/11/2025;05/11/2025;;2950,00;VIR GAMMA CONSULTING PP000000000004;10735,89
06/11/2025;05/11/2025;-543,21;;ECH PRET CAP+IN 01000 000000 09;10192,68
06/11/2025;06/11/2025;-139,45;;AUTOMOBILE AA00000000;10053,23
06/11/2025;06/11/2025;-51,14;;ASSURANCE HABITATION BF00000000;10002,09
06/11/2025;01/11/2025;-10,30;;F COTIS EUROCOMPTE CONFORT;9991,79
07/11/2025;07/11/2025;-21,00;;PRLV SEPA CA CONSUMER FINANCE PRELEVEMENT SEPA;9970,79
07/11/2025;07/11/2025;-128,26;;PRLV SEPA CA CONSUMER FINANCE;9842,53
08/11/2025;08/11/2025;-59,20;;PRLV SEPA GAMMA ELECTRICITE CLIENTS PARTICULI DUPONT JEAN;9783,33
09/11/2025;10/11/2025;-51,31;;ECH PRET CAP 01000 000000 10 UTILISATION N°001;9732,02
10/11/2025;10/11/2025;-16,99;;PRLV SEPA OMEGA SERVICES FDSDUP0001234567;9715,03
12/11/2025;12/11/2025;-10,79;;PAIEMENT PSC 1011 TOURCOING DELTA FASTFOOD CARTE 8101 GIR0126000112;9704,24
15/11/2025;15/11/2025;;9,00;VIR INST DELTA MUTUELLE REMBOURSEMENT SANTE 0000000000000000002;9713,24
15/11/2025;15/11/2025;-22,95;;PAIEMENT PSC 1311 PARIS ZETA TRANSIT CARTE 8101 GIR0126000113;9690,29
18/11/2025;18/11/2025;;520,00;VIR DE MLE JEANNE MARTIN MLE JEANNE MARTIN;10210,29
22/11/2025;22/11/2025;-57,99;;PRLV SEPA ACME TELECOM VOTRE ABONNEMENT FIBRE (FACTURE;10152,30
24/11/2025;24/11/2025;-121,24;;PAIEMENT PSC 2111 HEM BETA MARKET CARTE 8101 GIR0126000114;10031,06
25/11/2025;25/11/2025;-2920,00;;PRLV SEPA DIRECTION GENERALE DE SOLDE IMPOT REVENUS 2024 N DE F;7111,06
26/11/2025;26/11/2025;-219,60;;PAIEMENT CB 2411 PARIS 10 ALPHA RAILWAYS PAYWEB8101 GIR0126000115;6891,46
30/11/2025;30/11/2025;-300,00;;VIR SEPA DUPONT JEAN CG3V25112L000003;6591,46
