libellé;Opération;Place;Date;Qté;Prix d'éxé;Montant brut;Courtage/Prélèvement;Montant net;Devise;
GAMMA WORLD UCITS ETF - Acc EUR ACC;Achat Comptant;Euronext Paris;15/06/2026;120.0;5.6;-672.0;-2.69;-674.69;EUR;
ACME CORP;Encaissement coupons intérêt/dividende;Euronext Paris;28/04/2026;50.0;0.0;25.0;0.0;25.0;EUR;
ACME CORP;OST de création de coupons - Détachement coupon optionnel;Euronext Paris;26/04/2026;50.0;0.0;25.0;0.0;25.0;EUR;
ACME CORP;OST de création de coupons - Détachement coupon optionnel;Euronext Paris;26/04/2026;50.0;0.0;28.4;0.0;28.4;USD;
ACME CORP;ANNUL. OST de création de coupons - Détachement coupon optionnel;Euronext Paris;26/04/2026;50.0;0.0;-28.4;0.0;-28.4;USD;
ACME CORP;Vente comptant;Euronext Paris;05/03/2026;50.0;14.0;700.0;-2.0;698.0;EUR;
DELTA SA;OST de création avec ou sans droits - Souscription avec droit;Euronext Paris;12/01/2026;250.0;0.0;0.0;0.0;0.0;EUR;
ACME CORP;Achat Comptant;Euronext Paris;30/11/2025;100.0;12.34;-1234.0;-2.0;-1236.0;EUR;
BETA INDUSTRIES;OST de création avec ou sans droits - Attribution automatique;Euronext Paris;18/09/2025;3.0;0.0;0.0;0.0;0.0;EUR;
BETA INDUSTRIES;Achat Comptant;Euronext Paris;04/08/2025;10.0;88.9;-889.0;-1.5;-890.5;EUR;
GAMMA WORLD UCITS ETF - Acc EUR ACC;Achat Comptant;Euronext Paris;02/07/2025;80.0;5.55;-444.0;-1.78;-445.78;EUR;
